Date_Time,Step_Time(s),Step_Index,Cycle_Index,Current(A),Voltage(V),Charge_Capacity(Ah),Discharge_Capacity(Ah),Charge_Energy(Wh),Discharge_Energy(Wh),dV/dt(V/s),Internal_Resistance(Ohm),Reset_Charge_Capacity,Reset_Discharge_Capacity,Capacity_Difference,Cumulative_Cycle_Index
2010-09-27 12:08:53,30.01522646799125,1,45,0.0,3.392167091369629,44.07969264030786,44.118860533418655,175.56790278445976,161.53411899249684,0.0008418083307333,0.0900387018918991,5.987065563317628e-07,1.6701307004041155e-10,5.985395432617224e-07,200
2010-09-27 12:09:23,60.03070987734769,1,45,0.0,3.4190402030944824,44.07969264030786,44.118860533418655,175.56790278445976,161.53411899249684,0.0006151676061563,0.0900387018918991,5.987065563317628e-07,1.6701307004041155e-10,5.985395432617224e-07,200
2010-09-27 12:09:53,90.04589312244796,1,45,0.0,3.4394376277923584,44.07969264030786,44.118860533418655,175.56790278445976,161.53411899249684,0.0004532813909463,0.0900387018918991,5.987065563317628e-07,1.6701307004041155e-10,5.985395432617224e-07,200
2010-09-27 12:10:23,120.01426074354832,1,45,0.0,3.4556262493133545,44.07969264030786,44.118860533418655,175.56790278445976,161.53411899249684,0.0003561496851034,0.0900387018918991,5.987065563317628e-07,1.6701307004041155e-10,5.985395432617224e-07,200
2010-09-27 12:10:53,30.01531693882037,2,45,0.5499359965324402,3.6035897731781006,44.0842782809291,44.118860533418655,175.584269779332,161.53411899249684,0.0015864849556237,0.0900387018918991,0.0045862393277928,1.6701307004041155e-10,0.0045862391607798,200
2010-09-27 12:11:23,60.03060806320392,2,45,0.5499359965324402,3.64940357208252,44.088864006895214,44.118860533418655,175.60090654776124,161.53411899249684,0.0010036944877356,0.0900387018918991,0.009171965293909,1.6701307004041155e-10,0.0091719651268959,200
2010-09-27 12:11:53,90.04590577904075,2,45,0.5499359965324402,3.682104349136353,44.093449670560354,44.118860533418655,175.61772034195448,161.53411899249684,0.0007446765666827,0.0900387018918991,0.0137576289590484,1.6701307004041155e-10,0.0137576287920353,200
2010-09-27 12:12:23,120.06133408585276,2,45,0.5499359965324402,3.707844257354736,44.09803532487947,44.118860533418655,175.6346667471983,161.53411899249684,0.0006151676061563,0.0900387018918991,0.0183432832781633,1.6701307004041155e-10,0.0183432831111503,200
2010-09-27 12:12:53,150.0766684331273,2,45,0.5501165986061096,3.7285656929016113,44.10262098053831,44.118860533418655,175.6517187136119,161.53411899249684,0.0005180359003134,0.0900387018918991,0.0229289389370066,1.6701307004041155e-10,0.0229289387699935,200
2010-09-27 12:13:23,180.09184422963477,2,45,0.5499359965324402,3.7450780868530273,44.10720657621952,44.118860533418655,175.6688557547633,161.53411899249684,0.0003885269106831,0.0900387018918991,0.0275145346182128,1.6701307004041155e-10,0.0275145344511997,200
2010-09-27 12:13:54,210.10724294257588,2,45,0.5499359965324402,3.7575430870056152,44.11179223724551,44.118860533418655,175.68606023514167,161.53411899249684,0.0002590179501567,0.0900387018918991,0.0321001956442046,1.6701307004041155e-10,0.0321001954771915,200
2010-09-27 12:14:24,240.1224180122691,2,45,0.5501165986061096,3.765313625335693,44.11637789265515,44.118860533418655,175.70331053267478,161.53411899249684,0.0001618862152099,0.0900387018918991,0.0366858510538463,1.6701307004041155e-10,0.0366858508868332,200
2010-09-27 12:14:54,270.1377337180115,2,45,0.5499359965324402,3.769846439361572,44.12096361910174,44.118860533418655,175.7205881463868,161.53411899249684,9.713172767078504e-05,0.0900387018918991,0.0412715775004315,1.6701307004041155e-10,0.0412715773334184,200
2010-09-27 12:15:24,300.15315426545493,2,45,0.5499359965324402,3.773569822311402,44.12554934871299,44.118860533418655,175.73788423535115,161.53411899249684,9.713172767078504e-05,0.0900387018918991,0.0458573071116816,1.6701307004041155e-10,0.0458573069446686,200
2010-09-27 12:15:54,330.1683484077563,2,45,0.5499359965324402,3.7769694328308105,44.13013498008453,44.118860533418655,175.7551960451775,161.53411899249684,9.713172767078504e-05,0.0900387018918991,0.0504429384832221,1.6701307004041155e-10,0.050442938316209,200
2010-09-27 12:16:24,360.1838660275071,2,45,0.5499359965324402,3.7802071571350098,44.134720647707965,44.118860533418655,175.77252344413162,161.53411899249684,6.47544875391759e-05,0.0900387018918991,0.05502860610666,1.6701307004041155e-10,0.0550286059396469,200
2010-09-27 12:16:54,390.1989689922152,2,45,0.5501165986061096,3.783606767654419,44.139306284452566,44.118860533418655,175.78986601277873,161.53411899249684,9.713172767078504e-05,0.0900387018918991,0.0596142428512607,1.6701307004041155e-10,0.0596142426842476,200
2010-09-27 12:17:24,420.2142388184352,2,45,0.5501165986061096,3.787168264389038,44.14389195382687,44.118860533418655,175.80722393511013,161.53411899249684,0.0001618862152099,0.0900387018918991,0.0641999122255683,1.6701307004041155e-10,0.0641999120585552,200
2010-09-27 12:17:54,450.2295486495136,2,45,0.5501165986061096,3.7902441024780273,44.14847763301506,44.118860533418655,175.82459695127702,161.53411899249684,9.713172767078504e-05,0.0900387018918991,0.0687855914137571,1.6701307004041155e-10,0.0687855912467441,200
2010-09-27 12:18:24,480.2448454129731,2,45,0.5501165986061096,3.7933199405670166,44.15306337701114,44.118860533418655,175.84198489253234,161.53411899249684,6.47544875391759e-05,0.0900387018918991,0.0733713354098313,1.6701307004041155e-10,0.0733713352428182,200
2010-09-27 12:18:54,510.260158998423,2,45,0.5501165986061096,3.796395778656006,44.15764899199896,44.118860533418655,175.85938690888784,161.53411899249684,6.47544875391759e-05,0.0900387018918991,0.077956950397656,1.6701307004041155e-10,0.0779569502306429,200
2010-09-27 12:19:24,540.2754591453281,2,45,0.5501165986061096,3.799471616744995,44.1622346663826,44.118860533418655,175.87680345770468,161.53411899249684,6.47544875391759e-05,0.0900387018918991,0.082542624781297,1.6701307004041155e-10,0.0825426246142839,200
2010-09-27 12:19:54,570.2908846952586,2,45,0.5499359965324402,3.802547454833984,44.16682033334244,44.118860533418655,175.89423413007137,161.53411899249684,9.713172767078504e-05,0.0900387018918991,0.0871282917411377,1.6701307004041155e-10,0.0871282915741247,200
2010-09-27 12:20:24,600.3060753939642,2,45,0.5499359965324402,3.8056232929229736,44.17140605349855,44.118860533418655,175.91167900727638,161.53411899249684,6.47544875391759e-05,0.0900387018918991,0.0917140118972454,1.6701307004041155e-10,0.0917140117302324,200
2010-09-27 12:20:54,630.3214969789976,2,45,0.5501165986061096,3.808699131011963,44.1759917708337,44.118860533418655,175.92913782168188,161.53411899249684,6.47544875391759e-05,0.0900387018918991,0.0962997292323919,1.6701307004041155e-10,0.0962997290653788,200
2010-09-27 12:21:24,660.3366624697803,2,45,0.5501165986061096,3.811774969100952,44.18057741284628,44.118860533418655,175.9466102948195,161.53411899249684,6.47544875391759e-05,0.0900387018918991,0.1008853712449777,1.6701307004041155e-10,0.1008853710779646,200
2010-09-27 12:21:54,690.3521027414585,2,45,0.5501165986061096,3.815012693405152,44.185163156133626,44.118860533418655,175.96409733888044,161.53411899249684,6.47544875391759e-05,0.0900387018918991,0.105471114532321,1.6701307004041155e-10,0.1054711143653079,200
2010-09-27 12:22:24,720.3672980165875,2,45,0.5499359965324402,3.81792664527893,44.18974876458874,44.118860533418655,175.98159829080987,161.53411899249684,3.237724376958795e-05,0.0900387018918991,0.1100567229874371,1.6701307004041155e-10,0.1100567228204241,200
2010-09-27 12:22:54,750.3825837374832,2,45,0.5499359965324402,3.82132625579834,44.19433439953091,44.118860533418655,175.99911390273357,161.53411899249684,9.713172767078504e-05,0.0900387018918991,0.114642357929604,1.6701307004041155e-10,0.114642357762591,200
2010-09-27 12:23:24,780.3978957840918,2,45,0.5501165986061096,3.824725866317749,44.19892002750414,44.118860533418655,176.01664447637094,161.53411899249684,0.0001618862152099,0.0900387018918991,0.1192279859028317,1.6701307004041155e-10,0.1192279857358187,200
2010-09-27 12:23:54,810.4132125123867,2,45,0.5499359965324402,3.827963590621948,44.20350567282832,44.118860533418655,176.03419045120992,161.53411899249684,9.713172767078504e-05,0.0900387018918991,0.1238136312270157,1.6701307004041155e-10,0.1238136310600026,200
2010-09-27 12:24:24,840.4285591954533,2,45,0.5497553944587708,3.831363201141357,44.20809133383498,44.118860533418655,176.0517520926052,161.53411899249684,6.47544875391759e-05,0.0900387018918991,0.1283992922336736,1.6701307004041155e-10,0.1283992920666605,200
2010-09-27 12:24:54,870.4439290313128,2,45,0.5501165986061096,3.834762573242188,44.212677029261954,44.118860533418655,176.06932946894668,161.53411899249684,9.713172767078504e-05,0.0900387018918991,0.1329849876606488,1.6701307004041155e-10,0.1329849874936357,200
2010-09-27 12:25:24,900.4591610080547,2,45,0.5499359965324402,3.838324069976807,44.21726255895963,44.118860533418655,176.0869218235526,161.53411899249684,9.713172767078504e-05,0.0900387018918991,0.137570517358327,1.6701307004041155e-10,0.1375705171913139,200
2010-09-27 12:25:54,930.4745196459623,2,45,0.5501165986061096,3.841723680496216,44.22184819459714,44.118860533418655,176.1045300470331,161.53411899249684,9.713172767078504e-05,0.0900387018918991,0.1421561529958381,1.6701307004041155e-10,0.1421561528288251,200
2010-09-27 12:26:24,960.4897503344888,2,45,0.5501165986061096,3.844961404800415,44.22643382391509,44.118860533418655,176.12215344996375,161.53411899249684,9.713172767078504e-05,0.0900387018918991,0.1467417823137822,1.6701307004041155e-10,0.1467417821467691,200
2010-09-27 12:26:54,990.5052289418588,2,45,0.5501165986061096,3.8481991291046143,44.231019521519,44.118860533418655,176.13979200291357,161.53411899249684,9.713172767078504e-05,0.0900387018918991,0.1513274799176969,1.6701307004041155e-10,0.1513274797506838,200
2010-09-27 12:27:24,1020.5204342770992,2,45,0.5501165986061096,3.8511130809783936,44.235605141745474,44.118860533418655,176.1574448033787,161.53411899249684,9.713172767078504e-05,0.0900387018918991,0.1559131001441684,1.6701307004041155e-10,0.1559130999771554,200
2010-09-27 12:27:54,1050.535599687682,2,45,0.5501165986061096,3.854188919067383,44.24019077340538,44.118860533418655,176.17511179059156,161.53411899249684,9.713172767078504e-05,0.0900387018918991,0.1604987318040756,1.6701307004041155e-10,0.1604987316370625,200
2010-09-27 12:28:24,1080.5509659796955,2,45,0.5499359965324402,3.857102870941162,44.24477647105547,44.118860533418655,176.19279289558315,161.53411899249684,6.47544875391759e-05,0.0900387018918991,0.1650844294541613,1.6701307004041155e-10,0.1650844292871482,200
2010-09-27 12:28:54,1110.5662238811494,2,45,0.5499359965324402,3.860016822814941,44.249362173433006,44.118860533418655,176.21048749219327,161.53411899249684,6.47544875391759e-05,0.0900387018918991,0.1696701318317011,1.6701307004041155e-10,0.169670131664688,200
2010-09-27 12:29:24,1140.5817672501744,2,45,0.5499359965324402,3.862768888473511,44.253947874483394,44.118860533418655,176.22819508625986,161.53411899249684,6.47544875391759e-05,0.0900387018918991,0.1742558328820891,1.6701307004041155e-10,0.174255832715076,200
2010-09-27 12:29:54,1170.5968172426556,2,45,0.5501165986061096,3.86552095413208,44.25853354593214,44.118860533418655,176.24591505509898,161.53411899249684,6.47544875391759e-05,0.0900387018918991,0.1788415043308333,1.6701307004041155e-10,0.1788415041638202,200
2010-09-27 12:30:24,1200.612183384294,2,45,0.5501165986061096,3.86811113357544,44.26311924752018,44.118860533418655,176.2636470867868,161.53411899249684,6.47544875391759e-05,0.0900387018918991,0.1834272059188748,1.6701307004041155e-10,0.1834272057518617,200
2010-09-27 12:30:54,1230.6275009246156,2,45,0.5501165986061096,3.870377540588379,44.26770497273278,44.118860533418655,176.28139048858375,161.53411899249684,3.237724376958795e-05,0.0900387018918991,0.1880129311314746,1.6701307004041155e-10,0.1880129309644616,200
2010-09-27 12:31:24,1260.6433416408652,2,45,0.5499359965324402,3.8726439476013184,44.2722907060691,44.118860533418655,176.299144556869,161.53411899249684,6.47544875391759e-05,0.0900387018918991,0.1925986644677948,1.6701307004041155e-10,0.1925986643007817,200
2010-09-27 12:31:54,1290.658562534943,2,45,0.5499359965324402,3.874748468399048,44.27687632953102,44.118860533418655,176.31690816201836,161.53411899249684,3.237724376958795e-05,0.0900387018918991,0.1971842879297156,1.6701307004041155e-10,0.1971842877627025,200
2010-09-27 12:32:24,1320.6734747485068,2,45,0.5499359965324402,3.876852989196777,44.28146190546059,44.118860533418655,176.33468097046608,161.53411899249684,6.47544875391759e-05,0.0900387018918991,0.2017698638592833,1.6701307004041155e-10,0.2017698636922702,200
2010-09-27 12:32:54,1350.6886537379844,2,45,0.5501165986061096,3.878633737564087,44.28604752263726,44.118860533418655,176.3524627537817,161.53411899249684,6.47544875391759e-05,0.0900387018918991,0.2063554810359562,1.6701307004041155e-10,0.2063554808689431,200
2010-09-27 12:33:24,1380.7039466367971,2,45,0.5499359965324402,3.880414485931397,44.29063321736116,44.118860533418655,176.37025299516966,161.53411899249684,3.237724376958795e-05,0.0900387018918991,0.2109411757598565,1.6701307004041155e-10,0.2109411755928434,200
2010-09-27 12:33:54,1410.71924159074,2,45,0.5499359965324402,3.881871461868286,44.29521889144758,44.118860533418655,176.38805077906423,161.53411899249684,0.0,0.0900387018918991,0.2155268498462774,1.6701307004041155e-10,0.2155268496792644,200
2010-09-27 12:34:24,1440.7345676423072,2,45,0.5501165986061096,3.883328437805176,44.29980460082532,44.118860533418655,176.40585573658055,161.53411899249684,0.0,0.0900387018918991,0.2201125592240131,1.6701307004041155e-10,0.2201125590570001,200
2010-09-27 12:34:54,1470.7498657641574,2,45,0.5501165986061096,3.8847854137420654,44.30439032670412,44.118860533418655,176.42366740468077,161.53411899249684,6.47544875391759e-05,0.0900387018918991,0.2246982851028178,1.6701307004041155e-10,0.2246982849358048,200
2010-09-27 12:35:24,1500.765164266959,2,45,0.5499359965324402,3.886080503463745,44.30897603845628,44.118860533418655,176.44148528167256,161.53411899249684,3.237724376958795e-05,0.0900387018918991,0.2292839968549742,1.6701307004041155e-10,0.2292839966879611,200
2010-09-27 12:35:54,1530.7805882630105,2,45,0.5499359965324402,3.887375593185425,44.31356179164658,44.118860533418655,176.45930934765084,161.53411899249684,0.0,0.0900387018918991,0.2338697500452724,1.6701307004041155e-10,0.2338697498782593,200
2010-09-27 12:36:24,1560.7957545507825,2,45,0.5501165986061096,3.8888325691223145,44.31814742081371,44.118860533418655,176.47713871259245,161.53411899249684,6.47544875391759e-05,0.0900387018918991,0.2384553792124037,1.6701307004041155e-10,0.2384553790453907,200
2010-09-27 12:36:54,1590.8111958700756,2,45,0.5499359965324402,3.889965772628784,44.32273309093945,44.118860533418655,176.4949738838413,161.53411899249684,3.237724376958795e-05,0.0900387018918991,0.2430410493381458,1.6701307004041155e-10,0.2430410491711327,200
2010-09-27 12:37:24,1620.8264897613658,2,45,0.5499359965324402,3.891098976135254,44.32731878087214,44.118860533418655,176.51281465704562,161.53411899249684,3.237724376958795e-05,0.0900387018918991,0.2476267392708351,1.6701307004041155e-10,0.247626739103822,200
2010-09-27 12:37:54,1650.841677693165,2,45,0.5501165986061096,3.892232179641724,44.33190445160468,44.118860533418655,176.5306608678492,161.53411899249684,0.0,0.0900387018918991,0.2522124100033736,1.6701307004041155e-10,0.2522124098363605,200
2010-09-27 12:38:24,1680.8569741207862,2,45,0.5499359965324402,3.8935272693634033,44.33649019791146,44.118860533418655,176.5485128164794,161.53411899249684,3.237724376958795e-05,0.0900387018918991,0.256798156310154,1.6701307004041155e-10,0.2567981561431409,200
2010-09-27 12:38:54,1710.8723093201877,2,45,0.5497553944587708,3.894822359085083,44.3410759185052,44.118860533418655,176.56637016367125,161.53411899249684,3.237724376958795e-05,0.0900387018918991,0.2613838769038921,1.6701307004041155e-10,0.261383876736879,200
2010-09-27 12:39:24,1740.8876531461224,2,45,0.5499359965324402,3.895793676376343,44.34566178048035,44.118860533418655,176.58423292440753,161.53411899249684,0.0,0.0900387018918991,0.2659697388790434,1.6701307004041155e-10,0.2659697387120303,200
2010-09-27 12:39:54,1770.9028780351723,2,45,0.5501165986061096,3.896926879882813,44.350247441149016,44.118860533418655,176.60210045030846,161.53411899249684,3.237724376958795e-05,0.0900387018918991,0.2705553995477103,1.6701307004041155e-10,0.2705553993806973,200
2010-09-27 12:40:24,1800.9181805580083,2,45,0.5501165986061096,3.898060083389282,44.354833147410986,44.118860533418655,176.61997363308393,161.53411899249684,3.237724376958795e-05,0.0900387018918991,0.2751411058096806,1.6701307004041155e-10,0.2751411056426676,200
2010-09-27 12:40:54,1830.9335027599664,2,45,0.5499359965324402,3.899355173110962,44.35941879899208,44.118860533418655,176.63785209300238,161.53411899249684,0.0,0.0900387018918991,0.279726757390776,1.6701307004041155e-10,0.2797267572237629,200
2010-09-27 12:41:24,1860.9488349769235,2,45,0.5501165986061096,3.9006502628326416,44.3640044899371,44.118860533418655,176.65573618724852,161.53411899249684,0.0,0.0900387018918991,0.2843124483357968,1.6701307004041155e-10,0.2843124481687837,200
2010-09-27 12:41:54,1890.9640918157247,2,45,0.5501165986061096,3.9017834663391113,44.368590153630336,44.118860533418655,176.6736257770416,161.53411899249684,3.237724376958795e-05,0.0900387018918991,0.288898112029031,1.6701307004041155e-10,0.2888981118620179,200
2010-09-27 12:42:24,1920.97940467436,2,45,0.5499359965324402,3.902916669845581,44.37317579996436,44.118860533418655,176.6915208772415,161.53411899249684,0.0,0.0900387018918991,0.2934837583630525,1.6701307004041155e-10,0.2934837581960394,200
2010-09-27 12:42:54,1950.994902564864,2,45,0.5501165986061096,3.9042117595672607,44.377762003180536,44.118860533418655,176.70942383715925,161.53411899249684,3.237724376958795e-05,0.0900387018918991,0.2980699615792304,1.6701307004041155e-10,0.2980699614122173,200
2010-09-27 12:43:24,1981.0101286869915,2,45,0.5501165986061096,3.905506849288941,44.38234855879516,44.118860533418655,176.72733385547906,161.53411899249684,3.237724376958795e-05,0.0900387018918991,0.3026565171938529,1.6701307004041155e-10,0.3026565170268398,200
2010-09-27 12:43:54,2011.0253224784176,2,45,0.5501165986061096,3.90696382522583,44.386934518644914,44.118860533418655,176.74524718406838,161.53411899249684,9.713172767078504e-05,0.0900387018918991,0.3072424770436086,1.6701307004041155e-10,0.3072424768765955,200
2010-09-27 12:44:24,2041.0407522338453,2,45,0.5497553944587708,3.90793514251709,44.39152011559442,44.118860533418655,176.76316488200266,161.53411899249684,0.0,0.0900387018918991,0.3118280739931123,1.6701307004041155e-10,0.3118280738260992,200
2010-09-27 12:44:54,2071.0559686968622,2,45,0.5499359965324402,3.90939211845398,44.39610571787684,44.118860533418655,176.78108840986653,161.53411899249684,3.237724376958795e-05,0.0900387018918991,0.3164136762755376,1.6701307004041155e-10,0.3164136761085245,200
2010-09-27 12:45:24,2101.0712347636986,2,45,0.5501165986061096,3.910525321960449,44.40069136205205,44.118860533418655,176.79901804710155,161.53411899249684,3.237724376958795e-05,0.0900387018918991,0.3209993204507455,1.6701307004041155e-10,0.3209993202837324,200
2010-09-27 12:45:55,2131.0865337426885,2,45,0.5501165986061096,3.911982297897339,44.40527704162683,44.118860533418655,176.81695374005824,161.53411899249684,6.47544875391759e-05,0.0900387018918991,0.3255850000255265,1.6701307004041155e-10,0.3255849998585134,200
2010-09-27 12:46:25,2161.101832461028,2,45,0.5499359965324402,3.9131155014038086,44.409862681362185,44.118860533418655,176.834895251439,161.53411899249684,3.237724376958795e-05,0.0900387018918991,0.3301706397608797,1.6701307004041155e-10,0.3301706395938666,200
2010-09-27 12:46:55,2191.1171518860538,2,45,0.5501165986061096,3.914572238922119,44.414448270428124,44.118860533418655,176.85284267563864,161.53411899249684,3.237724376958795e-05,0.0900387018918991,0.3347562288268193,1.6701307004041155e-10,0.3347562286598062,200
2010-09-27 12:47:25,2221.132446649521,2,45,0.5497553944587708,3.915705442428589,44.419033851164016,44.118860533418655,176.87079610702094,161.53411899249684,3.237724376958795e-05,0.0900387018918991,0.3393418095627112,1.6701307004041155e-10,0.3393418093956981,200
2010-09-27 12:47:55,2251.147743001955,2,45,0.5499359965324402,3.91716241836548,44.4236193910901,44.118860533418655,176.88875544987414,161.53411899249684,0.0,0.0900387018918991,0.3439273494887942,1.6701307004041155e-10,0.3439273493217811,200
2010-09-27 12:48:25,2281.163091304063,2,45,0.5499359965324402,3.918457508087158,44.42820494284824,44.118860533418655,176.9067211030718,161.53411899249684,0.0,0.0900387018918991,0.3485129012469343,1.6701307004041155e-10,0.3485129010799213,200
2010-09-27 12:48:55,2311.178374072589,2,45,0.5499359965324402,3.920076370239258,44.432790507720505,44.118860533418655,176.92469309790818,161.53411899249684,6.47544875391759e-05,0.0900387018918991,0.3530984661191994,1.6701307004041155e-10,0.3530984659521863,200
2010-09-27 12:49:25,2341.193656244626,2,45,0.5499359965324402,3.9213714599609375,44.43737610311034,44.118860533418655,176.94267147656873,161.53411899249684,3.237724376958795e-05,0.0900387018918991,0.3576840615090333,1.6701307004041155e-10,0.3576840613420202,200
2010-09-27 12:49:55,2371.2089512486937,2,45,0.5501165986061096,3.922828435897827,44.44196167428988,44.118860533418655,176.96065616062396,161.53411899249684,6.47544875391759e-05,0.0900387018918991,0.362269632688573,1.6701307004041155e-10,0.3622696325215599,200
2010-09-27 12:50:25,2401.2242541073683,2,45,0.5499359965324402,3.924285411834717,44.446547310958415,44.118860533418655,176.97864754155205,161.53411899249684,6.47544875391759e-05,0.0900387018918991,0.3668552693571101,1.6701307004041155e-10,0.366855269190097,200
2010-09-27 12:50:55,2431.2245206430666,2,45,0.5497553944587708,3.925580501556397,44.45113064521576,44.118860533418655,176.9966364623594,161.53411899249684,3.237724376958795e-05,0.0900387018918991,0.3714386036144574,1.6701307004041155e-10,0.3714386034474444,200
2010-09-27 12:51:25,2461.2392453285315,2,45,0.5499359965324402,3.927037477493286,44.45571618877812,44.118860533418655,177.0146404700153,161.53411899249684,3.237724376958795e-05,0.0900387018918991,0.376024147176814,1.6701307004041155e-10,0.3760241470098009,200
2010-09-27 12:51:55,2491.2546799761712,2,45,0.5499359965324402,3.928332567214966,44.46030181400194,44.118860533418655,177.0326515057075,161.53411899249684,3.237724376958795e-05,0.0900387018918991,0.3806097724006321,1.6701307004041155e-10,0.380609772233619,200
2010-09-27 12:52:25,2521.269982087981,2,45,0.5497553944587708,3.9299514293670654,44.46488743091411,44.118860533418655,177.05066914739703,161.53411899249684,6.47544875391759e-05,0.0900387018918991,0.3851953893128055,1.6701307004041155e-10,0.3851953891457924,200
2010-09-27 12:52:55,2551.2851463907987,2,45,0.5499359965324402,3.931408405303955,44.469473115299365,44.118860533418655,177.06869385568274,161.53411899249684,3.237724376958795e-05,0.0900387018918991,0.3897810736980602,1.6701307004041155e-10,0.3897810735310472,200
2010-09-27 12:53:25,2581.300460958701,2,45,0.5499359965324402,3.9328653812408447,44.47405878721017,44.118860533418655,177.08672530068662,161.53411899249684,3.237724376958795e-05,0.0900387018918991,0.3943667456088633,1.6701307004041155e-10,0.3943667454418502,200
2010-09-27 12:53:55,2611.315751506645,2,45,0.5499359965324402,3.934160470962525,44.47864447249609,44.118860533418655,177.10476367402478,161.53411899249684,-3.237724376958795e-05,0.0900387018918991,0.3989524308947878,1.6701307004041155e-10,0.3989524307277747,200
2010-09-27 12:54:25,2641.331075352708,2,45,0.5499359965324402,3.935779333114624,44.48323012765611,44.118860533418655,177.1228089149482,161.53411899249684,0.0,0.0900387018918991,0.4035380860548017,1.6701307004041155e-10,0.4035380858877886,200
2010-09-27 12:54:55,2671.346359048548,2,45,0.550297200679779,3.9375600814819336,44.4878157819311,44.118860533418655,177.14086099578472,161.53411899249684,9.713172767078504e-05,0.0900387018918991,0.4081237403297919,1.6701307004041155e-10,0.4081237401627788,200
2010-09-27 12:55:25,2701.3618290043223,2,45,0.5499359965324402,3.938855171203613,44.49240141360321,44.118860533418655,177.15892015974137,161.53411899249684,0.0,0.0900387018918991,0.4127093720019061,1.6701307004041155e-10,0.4127093718348931,200
2010-09-27 12:55:55,2731.376964976422,2,45,0.5499359965324402,3.940474033355713,44.49698696776317,44.118860533418655,177.17698610069354,161.53411899249684,0.0,0.0900387018918991,0.4172949261618655,1.6701307004041155e-10,0.4172949259948524,200
2010-09-27 12:56:25,2761.3923206469226,2,45,0.5501165986061096,3.942092895507813,44.50157264002505,44.118860533418655,177.1950597126608,161.53411899249684,3.237724376958795e-05,0.0900387018918991,0.4218805984237477,1.6701307004041155e-10,0.4218805982567346,200
2010-09-27 12:56:55,2791.4075621825245,2,45,0.5499359965324402,3.943711757659912,44.50615826092338,44.118860533418655,177.21314036252232,161.53411899249684,6.47544875391759e-05,0.0900387018918991,0.4264662193220729,1.6701307004041155e-10,0.4264662191550599,200
2010-09-27 12:57:25,2821.4230166646744,2,45,0.5499359965324402,3.945330619812012,44.51074387706704,44.118860533418655,177.2312282714894,161.53411899249684,3.237724376958795e-05,0.0900387018918991,0.4310518354657375,1.6701307004041155e-10,0.4310518352987245,200
2010-09-27 12:57:55,2851.4381877544333,2,45,0.5501165986061096,3.946787595748901,44.515329487190144,44.118860533418655,177.24932349464436,161.53411899249684,3.237724376958795e-05,0.0900387018918991,0.4356374455888385,1.6701307004041155e-10,0.4356374454218255,200
2010-09-27 12:58:25,2881.453730311432,2,45,0.5501165986061096,3.948568344116211,44.51991520486324,44.118860533418655,177.2674265229643,161.53411899249684,3.237724376958795e-05,0.0900387018918991,0.4402231632619333,1.6701307004041155e-10,0.4402231630949202,200
2010-09-27 12:58:55,2911.4688983636074,2,45,0.5499359965324402,3.950187206268311,44.52450081342556,44.118860533418655,177.28553657129427,161.53411899249684,6.47544875391759e-05,0.0900387018918991,0.4448087718242561,1.6701307004041155e-10,0.4448087716572431,200
2010-09-27 12:59:25,2941.4842961341965,2,45,0.5499359965324402,3.9516441822052,44.529086479850456,44.118860533418655,177.30365446033667,161.53411899249684,3.237724376958795e-05,0.0900387018918991,0.4493944382491506,1.6701307004041155e-10,0.4493944380821375,200
2010-09-27 12:59:55,2971.499516326523,2,45,0.5501165986061096,3.9534249305725098,44.53367212041142,44.118860533418655,177.32177976894224,161.53411899249684,3.237724376958795e-05,0.0900387018918991,0.4539800788101118,1.6701307004041155e-10,0.4539800786430987,200
2010-09-27 13:00:25,3001.5146813160545,2,45,0.5499359965324402,3.9552056789398193,44.53825774196096,44.118860533418655,177.33991273121694,161.53411899249684,6.47544875391759e-05,0.0900387018918991,0.4585657003596566,1.6701307004041155e-10,0.4585657001926435,200
2010-09-27 13:00:55,3031.5299805957948,2,45,0.5497553944587708,3.956824541091919,44.54284341754022,44.118860533418655,177.35805370327986,161.53411899249684,3.237724376958795e-05,0.0900387018918991,0.4631513759389136,1.6701307004041155e-10,0.4631513757719006,200
2010-09-27 13:01:25,3061.545426255924,2,45,0.5499359965324402,3.9584434032440186,44.54742907608077,44.118860533418655,177.3762022266901,161.53411899249684,6.47544875391759e-05,0.0900387018918991,0.4677370344794624,1.6701307004041155e-10,0.4677370343124494,200
2010-09-27 13:01:55,3091.5605697818787,2,45,0.5497553944587708,3.960224151611328,44.55201463121573,44.118860533418655,177.39435821757343,161.53411899249684,3.237724376958795e-05,0.0900387018918991,0.4723225896144214,1.6701307004041155e-10,0.4723225894474083,200
2010-09-27 13:02:25,3121.5760452363784,2,45,0.5499359965324402,3.962166786193848,44.556600233136166,44.118860533418655,177.4125224789561,161.53411899249684,6.47544875391759e-05,0.0900387018918991,0.4769081915348607,1.6701307004041155e-10,0.4769081913678477,200
2010-09-27 13:02:55,3151.591225037883,2,45,0.5501165986061096,3.9637856483459473,44.56118586395844,44.118860533418655,177.43069493367668,161.53411899249684,3.237724376958795e-05,0.0900387018918991,0.4814938223571374,1.6701307004041155e-10,0.4814938221901244,200
2010-09-27 13:03:25,3181.6065606683605,2,45,0.5501165986061096,3.965566396713257,44.56577156552049,44.118860533418655,177.44887590202077,161.53411899249684,3.237724376958795e-05,0.0900387018918991,0.4860795239191873,1.6701307004041155e-10,0.4860795237521742,200
2010-09-27 13:03:55,3211.6218302589923,2,45,0.5501165986061096,3.9673471450805664,44.57035725262668,44.118860533418655,177.46706502371225,161.53411899249684,3.237724376958795e-05,0.0900387018918991,0.4906652110253731,1.6701307004041155e-10,0.49066521085836,200
2010-09-27 13:04:25,3241.6375063793853,2,45,0.5501165986061096,3.969127893447876,44.574943044584266,44.118860533418655,177.48526272136797,161.53411899249684,3.237724376958795e-05,0.0900387018918991,0.4952510029829611,1.6701307004041155e-10,0.495251002815948,200
2010-09-27 13:04:55,3271.652477730566,2,45,0.5501165986061096,3.971070528030396,44.57952870608566,44.118860533418655,177.50346826367291,161.53411899249684,6.47544875391759e-05,0.0900387018918991,0.4998366644843557,1.6701307004041155e-10,0.4998366643173426,200
2010-09-27 13:05:25,3301.667742850037,2,45,0.5499359965324402,3.972851276397705,44.58411438704576,44.118860533418655,177.52168236935918,161.53411899249684,3.237724376958795e-05,0.0900387018918991,0.5044223454444534,1.6701307004041155e-10,0.5044223452774403,200
2010-09-27 13:05:55,3331.68303455086,2,45,0.5501165986061096,3.9747939109802246,44.58870010111845,44.118860533418655,177.53990511129257,161.53411899249684,6.47544875391759e-05,0.0900387018918991,0.5090080595171429,1.6701307004041155e-10,0.5090080593501298,200
2010-09-27 13:06:25,3361.698457930373,2,45,0.5499359965324402,3.976736545562744,44.59328583803888,44.118860533418655,177.5581365252747,161.53411899249684,3.237724376958795e-05,0.0900387018918991,0.5135937964375756,1.6701307004041155e-10,0.5135937962705626,200
2010-09-27 13:06:55,3391.7136415714613,2,45,0.5499359965324402,3.978355407714844,44.59787157392264,44.118860533418655,177.57637623097852,161.53411899249684,9.713172767078504e-05,0.0900387018918991,0.5181795323213336,1.6701307004041155e-10,0.5181795321543206,200
2010-09-27 13:07:25,3421.728953121831,2,45,0.5499359965324402,3.9802980422973633,44.60245714000649,44.118860533418655,177.5946244636569,161.53411899249684,3.237724376958795e-05,0.0900387018918991,0.5227650984051877,1.6701307004041155e-10,0.5227650982381746,200
2010-09-27 13:07:55,3451.744245173529,2,45,0.5499359965324402,3.9824025630950928,44.607042731201695,44.118860533418655,177.6128817304856,161.53411899249684,3.237724376958795e-05,0.0900387018918991,0.5273506896003894,1.6701307004041155e-10,0.5273506894333764,200
2010-09-27 13:08:25,3481.7596913399216,2,45,0.5501165986061096,3.9845070838928223,44.61162828441653,44.118860533418655,177.63114781525525,161.53411899249684,6.47544875391759e-05,0.0900387018918991,0.5319362428152274,1.6701307004041155e-10,0.5319362426482144,200
2010-09-27 13:08:55,3511.774845697915,2,45,0.5499359965324402,3.986449718475342,44.61621390736445,44.118860533418655,177.64942333501833,161.53411899249684,9.713172767078504e-05,0.0900387018918991,0.5365218657631416,1.6701307004041155e-10,0.5365218655961286,200
2010-09-27 13:09:25,3541.7901792582256,2,45,0.5501165986061096,3.9885542392730713,44.62079953343624,44.118860533418655,177.6677080056427,161.53411899249684,9.713172767078504e-05,0.0900387018918991,0.5411074918349357,1.6701307004041155e-10,0.5411074916679226,200
2010-09-27 13:09:55,3571.8054521821778,2,45,0.5499359965324402,3.990496873855591,44.62538512705133,44.118860533418655,177.6860017758758,161.53411899249684,6.47544875391759e-05,0.0900387018918991,0.5456930854500257,1.6701307004041155e-10,0.5456930852830126,200
2010-09-27 13:10:25,3601.82088046894,2,45,0.5501165986061096,3.9924395084381104,44.62997071083653,44.118860533418655,177.70430484122423,161.53411899249684,6.47544875391759e-05,0.0900387018918991,0.550278669235226,1.6701307004041155e-10,0.5502786690682129,200
2010-09-27 13:10:55,3631.8363826401287,2,45,0.5499359965324402,3.9945437908172607,44.63455628958886,44.118860533418655,177.72261738175945,161.53411899249684,3.237724376958795e-05,0.0900387018918991,0.5548642479875525,1.6701307004041155e-10,0.5548642478205394,200
2010-09-27 13:11:25,3661.852504177352,2,45,0.5499359965324402,3.9966483116149902,44.6391419035067,44.118860533418655,177.740939686056,161.53411899249684,6.47544875391759e-05,0.0900387018918991,0.5594498619053923,1.6701307004041155e-10,0.5594498617383792,200
2010-09-27 13:11:55,3691.866881996984,2,45,0.5499359965324402,3.9985909461975098,44.64372724735362,44.118860533418655,177.75927060719746,161.53411899249684,3.237724376958795e-05,0.0900387018918991,0.5640352057523117,1.6701307004041155e-10,0.5640352055852986,200
2010-09-27 13:12:25,3721.881960365296,2,45,0.5499359965324402,4.001019477844238,44.64831267990645,44.118860533418655,177.77761161085445,161.53411899249684,6.47544875391759e-05,0.0900387018918991,0.5686206383051413,1.6701307004041155e-10,0.5686206381381282,200
2010-09-27 13:12:55,3751.897264447024,2,45,0.5501165986061096,4.003123760223389,44.65289816450204,44.118860533418655,177.7959627652966,161.53411899249684,3.23295607813634e-05,0.0900387018918991,0.5732061229007357,1.6701307004041155e-10,0.5732061227337226,200
2010-09-27 13:13:25,3781.9125848795647,2,45,0.5497553944587708,4.005228519439697,44.657483637903006,44.118860533418655,177.81432388500951,161.53411899249684,6.47544875391759e-05,0.0900387018918991,0.5777915963017008,1.6701307004041155e-10,0.5777915961346878,200
2010-09-27 13:13:55,3811.927870209485,2,45,0.5499359965324402,4.007656574249268,44.66206916798964,44.118860533418655,177.83269539741065,161.53411899249684,9.70840483205393e-05,0.0900387018918991,0.5823771263883373,1.6701307004041155e-10,0.5823771262213242,200
2010-09-27 13:14:25,3841.9431721909687,2,45,0.5499359965324402,4.009761333465576,44.6666547531105,44.118860533418655,177.851077298035,161.53411899249684,3.24249267578125e-05,0.0900387018918991,0.5869627115091944,1.6701307004041155e-10,0.5869627113421814,200
2010-09-27 13:14:55,3871.958483916777,2,45,0.5499359965324402,4.012027740478516,44.67124029836341,44.118860533418655,177.8694692656848,161.53411899249684,3.24249267578125e-05,0.0900387018918991,0.5915482567621027,1.6701307004041155e-10,0.5915482565950896,200
2010-09-27 13:15:25,3901.9739904338135,2,45,0.5499359965324402,4.014132022857666,44.67582589838197,44.118860533418655,177.88787179928065,161.53411899249684,6.47544875391759e-05,0.0900387018918991,0.5961338567806678,1.6701307004041155e-10,0.5961338566136547,200
2010-09-27 13:15:55,3931.98908535344,2,45,0.5499359965324402,4.0165605545043945,44.68041146585719,44.118860533418655,177.90628461879515,161.53411899249684,6.47544875391759e-05,0.0900387018918991,0.6007194242558853,1.6701307004041155e-10,0.6007194240888722,200
2010-09-27 13:16:25,3962.0043808036207,2,45,0.5499359965324402,4.018826961517334,44.68499707230036,44.118860533418655,177.92470812381566,161.53411899249684,3.24249267578125e-05,0.0900387018918991,0.6053050306990571,1.6701307004041155e-10,0.605305030532044,200
2010-09-27 13:16:55,3992.019682990619,2,45,0.5501165986061096,4.021093368530273,44.6895826642564,44.118860533418655,177.94314198402773,161.53411899249684,6.47544875391759e-05,0.0900387018918991,0.6098906226550938,1.6701307004041155e-10,0.6098906224880807,200
2010-09-27 13:17:25,4022.03500529784,2,45,0.5497553944587708,4.023359775543213,44.69416815187903,44.118860533418655,177.96158615654838,161.53411899249684,3.24249267578125e-05,0.0900387018918991,0.6144761102777281,1.6701307004041155e-10,0.614476110110715,200
2010-09-27 13:17:55,4052.0502927280018,2,45,0.5499359965324402,4.025626182556152,44.698753730577,44.118860533418655,177.98004144084788,161.53411899249684,3.24249267578125e-05,0.0900387018918991,0.6190616889756981,1.6701307004041155e-10,0.6190616888086851,200
2010-09-27 13:18:26,4082.0655914112535,2,45,0.5501165986061096,4.028216361999512,44.70333922060199,44.118860533418655,177.99850713240036,161.53411899249684,9.71794142969884e-05,0.0900387018918991,0.6236471790006846,1.6701307004041155e-10,0.6236471788336715,200
2010-09-27 13:18:56,4112.080936274778,2,45,0.5499359965324402,4.030482769012451,44.70792482436091,44.118860533418655,178.0169841076018,161.53411899249684,3.24249267578125e-05,0.0900387018918991,0.6282327827596035,1.6701307004041155e-10,0.6282327825925904,200
2010-09-27 13:19:26,4142.096198221329,2,45,0.5499359965324402,4.0330729484558105,44.71251041140606,44.118860533418655,178.0354718903015,161.53411899249684,9.71794142969884e-05,0.0900387018918991,0.6328183698047525,1.6701307004041155e-10,0.6328183696377394,200
2010-09-27 13:19:56,4172.111492749209,2,45,0.5499359965324402,4.035338878631592,44.717096012403566,44.118860533418655,178.05397074051675,161.53411899249684,9.70840483205393e-05,0.0900387018918991,0.6374039708022607,1.6701307004041155e-10,0.6374039706352477,200
2010-09-27 13:20:26,4202.126790399883,2,45,0.5499359965324402,4.03776741027832,44.72168154284442,44.118860533418655,178.07248043218968,161.53411899249684,6.47544875391759e-05,0.0900387018918991,0.6419895012431169,1.6701307004041155e-10,0.6419895010761039,200
2010-09-27 13:20:56,4232.142099799886,2,45,0.5501165986061096,4.040195465087891,44.72626716235659,44.118860533418655,178.09100167562167,161.53411899249684,6.47544875391759e-05,0.0900387018918991,0.646575120755287,1.6701307004041155e-10,0.6465751205882739,200
2010-09-27 13:21:26,4262.157569053908,2,45,0.5499359965324402,4.042623996734619,44.73085273536699,44.118860533418655,178.10953400372958,161.53411899249684,6.47544875391759e-05,0.0900387018918991,0.6511606937656822,1.6701307004041155e-10,0.6511606935986691,200
2010-09-27 13:21:56,4292.172738584775,2,45,0.5499359965324402,4.0452141761779785,44.735438277486764,44.118860533418655,178.1280776646574,161.53411899249684,6.47544875391759e-05,0.0900387018918991,0.6557462358854593,1.6701307004041155e-10,0.6557462357184463,200
2010-09-27 13:22:26,4322.188021162826,2,45,0.5497553944587708,4.047642230987549,44.74002384413205,44.118860533418655,178.1466329697156,161.53411899249684,6.47544875391759e-05,0.0900387018918991,0.6603318025307416,1.6701307004041155e-10,0.6603318023637286,200
2010-09-27 13:22:56,4352.203303961427,2,45,0.5497553944587708,4.050232410430908,44.74460941186351,44.118860533418655,178.1651999892531,161.53411899249684,3.23295607813634e-05,0.0900387018918991,0.6649173702622022,1.6701307004041155e-10,0.6649173700951891,200
2010-09-27 13:23:26,4382.218614845133,2,45,0.5501165986061096,4.052984714508057,44.74919500115964,44.118860533418655,178.18377879800926,161.53411899249684,9.71794142969884e-05,0.0900387018918991,0.6695029595583364,1.6701307004041155e-10,0.6695029593913233,200
2010-09-27 13:23:56,4412.233909197574,2,45,0.5499359965324402,4.055412769317627,44.75378063006036,44.118860533418655,178.2023698055907,161.53411899249684,6.47544875391759e-05,0.0900387018918991,0.6740885884590568,1.6701307004041155e-10,0.6740885882920438,200
2010-09-27 13:24:26,4442.249355068228,2,45,0.5501165986061096,4.058002948760986,44.75836624072829,44.118860533418655,178.22097272720634,161.53411899249684,3.23295607813634e-05,0.0900387018918991,0.6786741991269878,1.6701307004041155e-10,0.6786741989599747,200
2010-09-27 13:24:56,4472.264512609168,2,45,0.5501165986061096,4.060593128204346,44.762951889312006,44.118860533418655,178.23958799219417,161.53411899249684,0.0,0.0900387018918991,0.6832598477107013,1.6701307004041155e-10,0.6832598475436882,200
2010-09-27 13:25:26,4502.279949336999,2,45,0.5501165986061096,4.063345432281494,44.76753755382821,44.118860533418655,178.2582151440522,161.53411899249684,6.47544875391759e-05,0.0900387018918991,0.6878455122269074,1.6701307004041155e-10,0.6878455120598943,200
2010-09-27 13:25:56,4532.29512446183,2,45,0.5497553944587708,4.066097259521484,44.772123147312,44.118860533418655,178.27685451760647,161.53411899249684,6.47544875391759e-05,0.0900387018918991,0.6924311057106962,1.6701307004041155e-10,0.6924311055436831,200
2010-09-27 13:26:26,4562.310403791772,2,45,0.5499359965324402,4.068849563598633,44.77670862993623,44.118860533418655,178.29550597270514,161.53411899249684,6.47544875391759e-05,0.0900387018918991,0.6970165883349253,1.6701307004041155e-10,0.6970165881679122,200
2010-09-27 13:26:56,4592.325711823359,2,45,0.550297200679779,4.071763515472412,44.78129413344118,44.118860533418655,178.31417018949625,161.53411899249684,9.71794142969884e-05,0.0900387018918991,0.7016020918398738,1.6701307004041155e-10,0.7016020916728607,200
2010-09-27 13:27:26,4622.341142877028,2,45,0.5501165986061096,4.074515342712402,44.78587966188648,44.118860533418655,178.33284723210974,161.53411899249684,6.47544875391759e-05,0.0900387018918991,0.7061876202851778,1.6701307004041155e-10,0.7061876201181647,200
2010-09-27 13:27:56,4652.356305520704,2,45,0.5499359965324402,4.077105522155762,44.79046514136814,44.118860533418655,178.3515369135216,161.53411899249684,3.23295607813634e-05,0.0900387018918991,0.7107730997668327,1.6701307004041155e-10,0.7107730995998196,200
2010-09-27 13:28:26,4682.371609863081,2,45,0.5501165986061096,4.08018159866333,44.79505068239846,44.118860533418655,178.37023982249647,161.53411899249684,9.71794142969884e-05,0.0900387018918991,0.7153586407971559,1.6701307004041155e-10,0.7153586406301429,200
2010-09-27 13:28:56,4712.386908786933,2,45,0.5501165986061096,4.08293342590332,44.799636327338256,44.118860533418655,178.3889562318195,161.53411899249684,6.47544875391759e-05,0.0900387018918991,0.7199442857369505,1.6701307004041155e-10,0.7199442855699374,200
2010-09-27 13:29:26,4742.402231059067,2,45,0.5501165986061096,4.086009502410889,44.80422187656817,44.118860533418655,178.40768543371257,161.53411899249684,0.0001295089750783,0.0900387018918991,0.7245298349668658,1.6701307004041155e-10,0.7245298347998528,200
2010-09-27 13:29:56,4772.417511752413,2,45,0.5501165986061096,4.088761329650879,44.80880745746944,44.118860533418655,178.42642808950626,161.53411899249684,6.47544875391759e-05,0.0900387018918991,0.7291154158681366,1.6701307004041155e-10,0.7291154157011235,200
2010-09-27 13:30:26,4802.432814741413,2,45,0.5499359965324402,4.091675281524658,44.81339301965316,44.118860533418655,178.4451841313389,161.53411899249684,3.23295607813634e-05,0.0900387018918991,0.7337009780518571,1.6701307004041155e-10,0.733700977884844,200
2010-09-27 13:30:56,4832.448105695371,2,45,0.5499359965324402,4.0945892333984375,44.81797855355772,44.118860533418655,178.46395351563643,161.53411899249684,3.23295607813634e-05,0.0900387018918991,0.7382865119564173,1.6701307004041155e-10,0.7382865117894042,200
2010-09-27 13:31:26,4862.46342744119,2,45,0.5499359965324402,4.097665309906006,44.82256416146073,44.118860533418655,178.48273699599378,161.53411899249684,6.47544875391759e-05,0.0900387018918991,0.7428721198594275,1.6701307004041155e-10,0.7428721196924144,200
2010-09-27 13:31:56,4892.463433321252,2,45,0.5497553944587708,4.100740909576416,44.827147250479854,44.118860533418655,178.50152399279656,161.53411899249684,9.70840483205393e-05,0.0900387018918991,0.7474552088785487,1.6701307004041155e-10,0.7474552087115356,200
2010-09-27 13:32:26,4922.463544824967,2,45,0.5499359965324402,4.103816986083984,44.83173029552109,44.118860533418655,178.52032474197176,161.53411899249684,9.71794142969884e-05,0.0900387018918991,0.7520382539197854,1.6701307004041155e-10,0.7520382537527723,200
2010-09-27 13:32:56,4952.478055646595,2,45,0.5499359965324402,4.106730937957764,44.83631555373744,44.118860533418655,178.53914861619486,161.53411899249684,9.71794142969884e-05,0.0900387018918991,0.7566235121361373,1.6701307004041155e-10,0.7566235119691243,200
2010-09-27 13:33:26,4982.493541010831,2,45,0.5497553944587708,4.109806537628174,44.84090094146404,44.118860533418655,178.5579871682996,161.53411899249684,6.47544875391759e-05,0.0900387018918991,0.7612088998627371,1.6701307004041155e-10,0.761208899695724,200
2010-09-27 13:33:56,5012.508665890241,2,45,0.5499359965324402,4.113044261932373,44.84548647195568,44.118860533418655,178.57684052651163,161.53411899249684,9.70840483205393e-05,0.0900387018918991,0.7657944303543758,1.6701307004041155e-10,0.7657944301873627,200
2010-09-27 13:34:26,5042.52399777136,2,45,0.5501165986061096,4.116119861602783,44.85007208558099,44.118860533418655,178.595708552509,161.53411899249684,3.23295607813634e-05,0.0900387018918991,0.7703800439796851,1.6701307004041155e-10,0.770380043812672,200
2010-09-27 13:34:56,5072.539252219193,2,45,0.5501165986061096,4.119357585906982,44.854657631611005,44.118860533418655,178.6145908361826,161.53411899249684,6.47544875391759e-05,0.0900387018918991,0.7749655900096997,1.6701307004041155e-10,0.7749655898426866,200
2010-09-27 13:35:26,5102.554558140512,2,45,0.5499359965324402,4.122595310211182,44.8592432276841,44.118860533418655,178.63348797090623,161.53411899249684,6.47544875391759e-05,0.0900387018918991,0.7795511860827915,1.6701307004041155e-10,0.7795511859157784,200
2010-09-27 13:35:56,5132.569850573162,2,45,0.5501165986061096,4.125833034515381,44.86382882587903,44.118860533418655,178.65239981409152,161.53411899249684,9.70840483205393e-05,0.0900387018918991,0.7841367842777274,1.6701307004041155e-10,0.7841367841107143,200
2010-09-27 13:36:26,5162.5851727450445,2,45,0.5499359965324402,4.129232883453369,44.86841444017095,44.118860533418655,178.6713266337579,161.53411899249684,0.0001295089750783,0.0900387018918991,0.7887223985696465,1.6701307004041155e-10,0.7887223984026335,200
2010-09-27 13:36:56,5192.600461257909,2,45,0.5501165986061096,4.132470607757568,44.87300005450671,44.118860533418655,178.69026847320228,161.53411899249684,9.71794142969884e-05,0.0900387018918991,0.7933080129054062,1.6701307004041155e-10,0.7933080127383931,200
2010-09-27 13:37:26,5222.616177092435,2,45,0.5499359965324402,4.135708332061768,44.87758573374165,44.118860533418655,178.709225667068,161.53411899249684,0.0001295089750783,0.0900387018918991,0.7978936921403417,1.6701307004041155e-10,0.7978936919733286,200
2010-09-27 13:37:56,5252.631087661894,2,45,0.5501165986061096,4.139107704162598,44.88217122705418,44.118860533418655,178.7281973169664,161.53411899249684,9.70840483205393e-05,0.0900387018918991,0.8024791854528743,1.6701307004041155e-10,0.8024791852858613,200
2010-09-27 13:38:26,5282.646369733681,2,45,0.5501165986061096,4.142345428466797,44.88675686481526,44.118860533418655,178.74718500846797,161.53411899249684,9.70840483205393e-05,0.0900387018918991,0.8070648232139561,1.6701307004041155e-10,0.807064823046943,200
2010-09-27 13:38:56,5312.661663188883,2,45,0.5501165986061096,4.145745277404785,44.89134242354281,44.118860533418655,178.76618795303153,161.53411899249684,6.47544875391759e-05,0.0900387018918991,0.8116503819415044,1.6701307004041155e-10,0.8116503817744913,200
2010-09-27 13:39:26,5342.676949882206,2,45,0.5499359965324402,4.149306774139404,44.895927949567536,44.118860533418655,178.78520664995568,161.53411899249684,0.0001295089750783,0.0900387018918991,0.8162359079662309,1.6701307004041155e-10,0.8162359077992178,200
2010-09-27 13:39:56,5372.692393026054,2,45,0.5497553944587708,4.152544498443604,44.90051348785944,44.118860533418655,178.8042411576243,161.53411899249684,6.47544875391759e-05,0.0900387018918991,0.8208214462581367,1.6701307004041155e-10,0.8208214460911236,200
2010-09-27 13:40:26,5402.70758849667,2,45,0.5499359965324402,4.1562676429748535,44.905099015340056,44.118860533418655,178.82329147986704,161.53411899249684,9.70840483205393e-05,0.0900387018918991,0.825406973738751,1.6701307004041155e-10,0.825406973571738,200
2010-09-27 13:40:56,5432.722862598564,2,45,0.5499359965324402,4.159667491912842,44.90968457353088,44.118860533418655,178.84235794780307,161.53411899249684,9.71794142969884e-05,0.0900387018918991,0.8299925319295767,1.6701307004041155e-10,0.8299925317625636,200
2010-09-27 13:41:26,5462.738317602014,2,45,0.5501165986061096,4.163228988647461,44.91427012898812,44.118860533418655,178.8614405571452,161.53411899249684,9.71794142969884e-05,0.0900387018918991,0.8345780873868165,1.6701307004041155e-10,0.8345780872198034,200
2010-09-27 13:41:56,5492.7534599199535,2,45,0.5499359965324402,4.16679048538208,44.91885565502955,44.118860533418655,178.8805391711699,161.53411899249684,0.0001295089750783,0.0900387018918991,0.8391636134282479,1.6701307004041155e-10,0.8391636132612348,200
2010-09-27 13:42:26,5522.768771154536,2,45,0.5499359965324402,4.170351982116699,44.92344122610455,44.118860533418655,178.89965429923546,161.53411899249684,9.71794142969884e-05,0.0900387018918991,0.8437491845032454,1.6701307004041155e-10,0.8437491843362324,200
2010-09-27 13:42:56,5552.78405352206,2,45,0.5501165986061096,4.173913478851318,44.928026850301286,44.118860533418655,178.91878615206147,161.53411899249684,6.47544875391759e-05,0.0900387018918991,0.8483348086999811,1.6701307004041155e-10,0.848334808532968,200
2010-09-27 13:43:26,5582.799475011856,2,45,0.5501165986061096,4.177636623382568,44.9326124819172,44.118860533418655,178.93793451288929,161.53411899249684,0.0001295089750783,0.0900387018918991,0.8529204403158914,1.6701307004041155e-10,0.8529204401488784,200
2010-09-27 13:43:56,5612.814650587813,2,45,0.5499359965324402,4.181198120117188,44.93719809984766,44.118860533418655,178.95709958047206,161.53411899249684,9.70840483205393e-05,0.0900387018918991,0.8575060582463578,1.6701307004041155e-10,0.8575060580793448,200
2010-09-27 13:44:26,5642.830091561243,2,45,0.5501165986061096,4.184759616851807,44.94178382186416,44.118860533418655,178.97628194441995,161.53411899249684,6.47544875391759e-05,0.0900387018918991,0.8620917802628583,1.6701307004041155e-10,0.8620917800958452,200
2010-09-27 13:44:56,5672.845352334866,2,45,0.5501165986061096,4.188644886016846,44.94636943517427,44.118860533418655,178.9954806360422,161.53411899249684,0.0001295089750783,0.0900387018918991,0.8666773935729637,1.6701307004041155e-10,0.8666773934059506,200
2010-09-27 13:45:26,5702.860554567362,2,45,0.5499359965324402,4.192206382751465,44.950954981953416,44.118860533418655,179.01469618444358,161.53411899249684,6.47544875391759e-05,0.0900387018918991,0.8712629403521106,1.6701307004041155e-10,0.8712629401850975,200
2010-09-27 13:45:56,5732.875860774394,2,45,0.5501165986061096,4.196091651916504,44.955540535296,44.118860533418655,179.03392888217,161.53411899249684,9.71794142969884e-05,0.0900387018918991,0.8758484936946971,1.6701307004041155e-10,0.875848493527684,200
2010-09-27 13:46:26,5762.891164916271,2,45,0.5501165986061096,4.200138568878174,44.960126075242094,44.118860533418655,179.05317882707757,161.53411899249684,0.0001295089750783,0.0900387018918991,0.880434033640789,1.6701307004041155e-10,0.8804340334737759,200
2010-09-27 13:46:56,30.015392512463805,3,45,0.0,4.117900848388672,44.960126075242094,44.118860533418655,179.05317882707757,161.53411899249684,-0.0004208564641885,0.0900387018918991,0.880434033640789,1.6701307004041155e-10,0.8804340334737759,200
2010-09-27 13:47:26,60.03059805822997,3,45,0.0,4.108026027679443,44.960126075242094,44.118860533418655,179.05317882707757,161.53411899249684,-0.0001618385285837,0.0900387018918991,0.880434033640789,1.6701307004041155e-10,0.8804340334737759,200
2010-09-27 13:47:57,90.04596009462081,3,45,0.0,4.102035999298096,44.960126075242094,44.118860533418655,179.05317882707757,161.53411899249684,-6.47544875391759e-05,0.0900387018918991,0.880434033640789,1.6701307004041155e-10,0.8804340334737759,200
2010-09-27 13:48:26,120.0143431843332,3,45,0.0,4.098150730133057,44.960126075242094,44.118860533418655,179.05317882707757,161.53411899249684,-3.24249267578125e-05,0.0900387018918991,0.880434033640789,1.6701307004041155e-10,0.8804340334737759,200
2010-09-27 13:48:27,2.581443681e-06,4,45,1.0029040575027466,4.199814796447754,44.96012607596124,44.118860533418655,179.05317883009786,161.53411899249684,0.0,0.0900387018918991,0.8804340343599364,1.6701307004041155e-10,0.8804340341929233,200
2010-09-27 13:48:27,0.749971935330884,4,45,0.952875316143036,4.199653148651123,44.96032814296663,44.118860533418655,179.05402744724543,161.53411899249684,-3.23295607813634e-05,0.0900387018918991,0.8806361013653259,1.6701307004041155e-10,0.8806361011983128,200
2010-09-27 13:48:29,2.703072630142162,4,45,0.9028465151786804,4.199653148651123,44.96083041179266,44.118860533418655,179.0561367994558,161.53411899249684,-3.23295607813634e-05,0.0900387018918991,0.8811383701913513,1.6701307004041155e-10,0.8811383700243383,200
2010-09-27 13:48:32,5.718683438660349,4,45,0.8528177738189697,4.199653148651123,44.9615644740466,44.118860533418655,179.05921960611084,161.53411899249684,3.24249267578125e-05,0.0900387018918991,0.8818724324452916,1.6701307004041155e-10,0.8818724322782785,200
2010-09-27 13:48:36,9.781147413736596,4,45,0.8026083707809448,4.199653148651123,44.962497261530594,44.118860533418655,179.0631370081801,161.53411899249684,0.0,0.0900387018918991,0.8828052199292884,1.6701307004041155e-10,0.8828052197622753,200
2010-09-27 13:48:42,15.124813927457383,4,45,0.7525796294212341,4.199653148651123,44.96365024056844,44.118860533418655,179.0679791560426,161.53411899249684,0.0,0.0900387018918991,0.8839581989671359,1.6701307004041155e-10,0.8839581988001228,200
2010-09-27 13:48:49,22.031001664539563,4,45,0.7023702263832092,4.199653148651123,44.96504395643458,44.118860533418655,179.07383232478958,161.53411899249684,0.0,0.0900387018918991,0.8853519148332722,1.6701307004041155e-10,0.8853519146662592,200
2010-09-27 13:48:58,31.12464135823652,4,45,0.6523414850234985,4.199653148651123,44.966751980058966,44.118860533418655,179.0810054729206,161.53411899249684,-3.23295607813634e-05,0.0900387018918991,0.8870599384576607,1.6701307004041155e-10,0.8870599382906477,200
2010-09-27 13:49:10,43.468271468010535,4,45,0.6023126840591431,4.199491024017334,44.96889854746757,44.118860533418655,179.09002038951428,161.53411899249684,-3.24249267578125e-05,0.0900387018918991,0.8892065058662624,1.6701307004041155e-10,0.8892065056992493,200
2010-09-27 13:49:29,61.87431010213957,4,45,0.5521033406257629,4.199814796447754,44.97184140898556,44.118860533418655,179.10237950290156,161.53411899249684,0.0,0.0900387018918991,0.8921493673842562,1.6701307004041155e-10,0.8921493672172431,200
2010-09-27 13:49:58,91.82711184842164,4,45,0.5020745396614075,4.199653148651123,44.97620853016846,44.118860533418655,179.1207200328814,161.53411899249684,0.0,0.0900387018918991,0.8965164885671584,1.6701307004041155e-10,0.8965164884001453,200
2010-09-27 13:50:52,144.87341587925246,4,45,0.4520457684993744,4.199653148651123,44.98320522145109,44.118860533418655,179.15010395588246,161.53411899249684,0.0,0.0900387018918991,0.9035131798497816,1.6701307004041155e-10,0.9035131796827685,200
2010-09-27 13:52:17,230.32578036252028,4,45,0.4020169973373413,4.199814796447754,44.9933110299181,44.118860533418655,179.19254524213986,161.53411899249684,0.0,0.0900387018918991,0.9136189883167916,1.6701307004041155e-10,0.9136189881497784,200
2010-09-27 13:54:08,341.01190514360843,4,45,0.3519882261753082,4.199814796447754,45.00488762014607,44.118860533418655,179.24116345880643,161.53411899249684,3.23295607813634e-05,0.0900387018918991,0.9251955785447664,1.6701307004041155e-10,0.9251955783777532,200
2010-09-27 13:56:23,476.33854847985936,4,45,0.3019594550132751,4.199653148651123,45.01716537598171,44.118860533418655,179.29272634465866,161.53411899249684,0.0,0.0900387018918991,0.9374733343804068,1.6701307004041155e-10,0.9374733342133936,200
2010-09-27 13:59:05,638.7744764512186,4,45,0.251930683851242,4.199653148651123,45.02963755973498,44.118860533418655,179.34510569494137,161.53411899249684,0.0,0.0900387018918991,0.9499455181336742,1.6701307004041155e-10,0.9499455179666612,200
2010-09-27 14:02:24,837.3659798763066,4,45,0.2019019275903701,4.199653148651123,45.0421156596686,44.118860533418655,179.39750991480682,161.53411899249684,0.0,0.0900387018918991,0.962423618067298,1.6701307004041155e-10,0.962423617900285,200
2010-09-27 14:06:44,1097.566176648249,4,45,0.1516925543546676,4.199653148651123,45.054828968712044,44.118860533418655,179.45090208549198,161.53411899249684,0.0,0.0900387018918991,0.9751369271107392,1.6701307004041155e-10,0.9751369269437262,200
2010-09-27 14:13:04,1477.2183315047948,4,45,0.1014831736683845,4.199653148651123,45.06802740455082,44.118860533418655,179.50633163278764,161.53411899249684,-3.23295607813634e-05,0.0900387018918991,0.9883353629495132,1.6701307004041155e-10,0.9883353627825002,200
2010-09-27 14:24:39,2172.226293391967,4,45,0.0514544025063514,4.199491024017334,45.082245936029565,44.118860533418655,179.56604609914825,161.53411899249684,-3.24249267578125e-05,0.0900387018918991,1.0025538944282602,1.6701307004041155e-10,1.002553894261247,200
2010-09-27 14:25:13,2206.6165325847983,4,45,0.0498289167881011,4.199814796447754,45.0827340396454,44.118860533418655,179.56809602876922,161.53411899249684,0.0,0.0900387018918991,1.0030419980440968,1.6701307004041155e-10,1.0030419978770837,200
2010-09-27 14:25:43,30.01527786628932,5,45,0.0,4.192044734954834,45.0827340396454,44.118860533418655,179.56809602876922,161.53411899249684,-6.47544875391759e-05,0.0900387018918991,1.0030419980440968,1.6701307004041155e-10,1.0030419978770837,200
2010-09-27 14:26:13,60.01494865491168,5,45,0.0,4.191073417663574,45.0827340396454,44.118860533418655,179.56809602876922,161.53411899249684,0.0,0.0900387018918991,1.0030419980440968,1.6701307004041155e-10,1.0030419978770837,200
2010-09-27 14:26:14,0.187497572787458,6,45,-1.9243103452026844e-05,4.191073417663574,45.0827340396454,44.11886053442089,179.56809602876922,161.53411899669726,0.0,0.0931148082017898,1.0030419980440968,1.169247809684748e-09,1.003041996874849,200
2010-09-27 14:26:19,5.015716620333063,6,45,0.0007031940040178,4.191073417663574,45.08273494462002,44.118860534505615,179.56809982154917,161.53411899705233,0.0,0.0931148082017898,1.0030429030187165,1.2539729254967822e-09,1.0030429017647435,200
2010-09-27 14:26:49,30.015282768526053,7,45,-1.099568486213684,4.019312381744385,45.08273494462002,44.12802881522624,179.56809982154917,161.5711666661484,-0.0009713172912597,0.0931148082017898,1.0030429030187165,0.0091682819745955,0.9938746210441208,200
2010-09-27 14:27:19,60.03056788792024,7,45,-1.0997490882873535,3.99308705329895,45.08273494462002,44.137197070502026,179.56809982154917,161.60788820974415,-0.0005827426793985,0.0931148082017898,1.0030429030187165,0.0183365372503843,0.984706365768332,200
2010-09-27 14:27:49,90.04595385905589,7,45,-1.0997490882873535,3.9747939109802246,45.08273494462002,44.14636535155931,179.56809982154917,161.64440979503414,-0.0004532813909463,0.0931148082017898,1.0030429030187165,0.0275048183076691,0.9755380847110472,200
2010-09-27 14:28:19,120.06115890858337,7,45,-1.099568486213684,3.960709810256958,45.08273494462002,44.155533489163645,179.56809982154917,161.68078548867754,-0.0003561496851034,0.0931148082017898,1.0030429030187165,0.0366729559120031,0.9663699471067132,200
2010-09-27 14:28:49,150.07668486915415,7,45,-1.099568486213684,3.949054002761841,45.08273494462002,44.16470176137576,179.56809982154917,161.71704472382197,-0.0003237724304199,0.0931148082017898,1.0030429030187165,0.045841228124118,0.9572016748945984,200
2010-09-27 14:29:19,180.09175601944855,7,45,-1.0997490882873535,3.9386932849884033,45.08273494462002,44.17386979655142,179.56809982154917,161.7532019412167,-0.0002913951757363,0.0931148082017898,1.0030429030187165,0.0550092632997802,0.9480336397189362,200
2010-09-27 14:29:49,210.1070354496416,7,45,-1.099568486213684,3.929141998291016,45.08273494462002,44.18303789232397,179.56809982154917,161.78926752583413,-0.0002266406954731,0.0931148082017898,1.0030429030187165,0.0641773590723318,0.9388655439463848,200
2010-09-27 14:30:19,240.12231043874905,7,45,-1.0997490882873535,3.919914484024048,45.08273494462002,44.19220601442938,179.56809982154917,161.8252470989798,-0.0002590179501567,0.0931148082017898,1.0030429030187165,0.0733454811777392,0.9296974218409771,200
2010-09-27 14:30:49,270.1376066207572,7,45,-1.099568486213684,3.911010980606079,45.08273494462002,44.20137415843004,179.56809982154917,161.8611445727147,-0.0002590179501567,0.0931148082017898,1.0030429030187165,0.0825136251784002,0.9205292778403162,200
2010-09-27 14:31:19,300.15295838651093,7,45,-1.0997490882873535,3.902592897415161,45.08273494462002,44.210542355433816,179.56809982154917,161.89696312085584,-0.0001942634553415,0.0931148082017898,1.0030429030187165,0.0916818221821742,0.9113610808365422,200
2010-09-27 14:31:49,330.1682143932354,7,45,-1.099568486213684,3.894336700439453,45.08273494462002,44.21971049920331,179.56809982154917,161.9327042341255,-0.0001618862152099,0.0931148082017898,1.0030429030187165,0.1008499659516672,0.9021929370670492,200
2010-09-27 14:32:19,360.18348690114937,7,45,-1.099568486213684,3.886242389678955,45.08273494462002,44.22887865609099,179.56809982154917,161.96837027738607,-0.0001942634553415,0.0931148082017898,1.0030429030187165,0.1100181228393495,0.8930247801793669,200
2010-09-27 14:32:49,390.19880315826816,7,45,-1.099568486213684,3.878309965133667,45.08273494462002,44.23804691726822,179.56809982154917,162.00396240445158,-0.0001618862152099,0.0931148082017898,1.0030429030187165,0.1191863840165794,0.883856519002137,200
2010-09-27 14:33:19,420.2140721473987,7,45,-1.099568486213684,3.870377540588379,45.08273494462002,44.24721511060812,179.56809982154917,162.03948140981834,-0.0001942634553415,0.0931148082017898,1.0030429030187165,0.1283545773564753,0.8746883256622411,200
2010-09-27 14:33:49,450.2293811814876,7,45,-1.099568486213684,3.862445116043091,45.08273494462002,44.25638334326696,179.56809982154917,162.07492884449283,-0.0002266406954731,0.0931148082017898,1.0030429030187165,0.1375228100153194,0.865520093003397,200
2010-09-27 14:34:19,480.2446895288624,7,45,-1.0997490882873535,3.854836463928223,45.08273494462002,44.265551562095226,179.56809982154917,162.1103053638283,-0.0001618862152099,0.0931148082017898,1.0030429030187165,0.1466910288435841,0.8563518741751324,200
2010-09-27 14:34:49,510.25993515467457,7,45,-1.0997490882873535,3.8472278118133545,45.08273494462002,44.27471975454894,179.56809982154917,162.14561222562642,-0.0001942634553415,0.0931148082017898,1.0030429030187165,0.1558592212972982,0.8471836817214182,200
2010-09-27 14:35:19,540.2752304594932,7,45,-1.099568486213684,3.839942932128906,45.08273494462002,44.28388797582059,179.56809982154917,162.18085046664285,-0.0001942634553415,0.0931148082017898,1.0030429030187165,0.1650274425689488,0.8380154604497676,200
2010-09-27 14:35:49,570.2905267217014,7,45,-1.099568486213684,3.832496404647827,45.08273494462002,44.29305623104554,179.56809982154917,162.21602108466797,-0.0002265930233988,0.0931148082017898,1.0030429030187165,0.1741956977938983,0.8288472052248181,200
2010-09-27 14:36:19,600.3058281969223,7,45,-1.099568486213684,3.825373411178589,45.08273494462002,44.30222445737645,179.56809982154917,162.25112508100443,-0.0001618862152099,0.0931148082017898,1.0030429030187165,0.183363924124805,0.8196789788939114,200
2010-09-27 14:36:49,630.32109287028,7,45,-1.0997490882873535,3.8180885314941406,45.08273494462002,44.31139270066964,179.56809982154917,162.2861634939518,-0.0002266406954731,0.0931148082017898,1.0030429030187165,0.1925321674180011,0.8105107356007153,200
2010-09-27 14:37:19,660.3363851325038,7,45,-1.0997490882873535,3.811289310455322,45.08273494462002,44.32056091085814,179.56809982154917,162.32113752822008,-0.0001295089750783,0.0931148082017898,1.0030429030187165,0.2017003776064996,0.8013425254122168,200
2010-09-27 14:37:49,690.3516889886679,7,45,-1.099568486213684,3.804328203201294,45.08273494462002,44.329729195488376,179.56809982154917,162.3560483987767,-0.0001618862152099,0.0931148082017898,1.0030429030187165,0.2108686622367344,0.7921742407819821,200
2010-09-27 14:38:19,720.3669698323893,7,45,-1.099568486213684,3.7976908683776855,45.08273494462002,44.33889741937075,179.56809982154917,162.390897404715,-0.0001618862152099,0.0931148082017898,1.0030429030187165,0.2200368861191108,0.7830060168996056,200
2010-09-27 14:38:49,750.3822690168921,7,45,-1.0997490882873535,3.791215419769287,45.08273494462002,44.34806564813278,179.56809982154917,162.42568599203383,-0.0001942634553415,0.0931148082017898,1.0030429030187165,0.2292051148811396,0.7738377881375769,200
2010-09-27 14:39:19,780.3978357442232,7,45,-1.0997490882873535,3.7847399711608887,45.08273494462002,44.35723398142978,179.56809982154917,162.46041601616628,-0.0001942634553415,0.0931148082017898,1.0030429030187165,0.2383734481781374,0.764669454840579,200
2010-09-27 14:39:49,810.412859516254,7,45,-1.099568486213684,3.77858829498291,45.08273494462002,44.36640215138297,179.56809982154917,162.49508704619058,-0.0001942634553415,0.0931148082017898,1.0030429030187165,0.2475416181313292,0.7555012848873872,200
2010-09-27 14:40:19,840.4282550362251,7,45,-1.099929690361023,3.7722747325897217,45.08273494462002,44.37557048077012,179.56809982154917,162.52970123298883,-0.0001942634553415,0.0931148082017898,1.0030429030187165,0.2567099475184804,0.746332955500236,200
2010-09-27 14:40:49,870.4438142147128,7,45,-1.099568486213684,3.766123056411743,45.08273494462002,44.38473880515922,179.56809982154917,162.5642588263631,-0.0001618862152099,0.0931148082017898,1.0030429030187165,0.2658782719075816,0.7371646311111348,200
2010-09-27 14:41:19,900.4587828090117,7,45,-1.099568486213684,3.760133266448975,45.08273494462002,44.39390636778466,179.56809982154917,162.5987576298259,-0.0001618862152099,0.0931148082017898,1.0030429030187165,0.2750458345330173,0.7279970684856991,200
2010-09-27 14:41:49,930.474152339108,7,45,-1.099568486213684,3.754305362701416,45.08273494462002,44.40307387014021,179.56809982154917,162.63320162373788,-0.0001295089750783,0.0931148082017898,1.0030429030187165,0.2842133368885697,0.7188295661301467,200
2010-09-27 14:42:19,960.4893804111032,7,45,-1.099568486213684,3.748477697372437,45.08273494462002,44.41224147361456,179.56809982154917,162.66759273072168,-0.0001618862152099,0.0931148082017898,1.0030429030187165,0.2933809403629155,0.709661962655801,200
2010-09-27 14:42:49,990.5045367340012,7,45,-1.099568486213684,3.742811679840088,45.08273494462002,44.42140891377492,179.56809982154917,162.7019308197435,-0.0001942634553415,0.0931148082017898,1.0030429030187165,0.3025483805232767,0.7004945224954398,200
2010-09-27 14:43:19,1020.5198807955244,7,45,-1.099568486213684,3.737307548522949,45.08273494462002,44.43057639192689,179.56809982154917,162.73621739603252,-0.0001295089750783,0.0931148082017898,1.0030429030187165,0.3117158586752495,0.6913270443434669,200
2010-09-27 14:43:49,1050.5351312082853,7,45,-1.099568486213684,3.7318034172058105,45.08273494462002,44.43974386892904,179.56809982154917,162.7704538918266,-0.0001618862152099,0.0931148082017898,1.0030429030187165,0.3208833356774008,0.6821595673413157,200
2010-09-27 14:44:19,1080.5504213802917,7,45,-1.0997490882873535,3.726461172103882,45.08273494462002,44.448911714955,179.56809982154917,162.80464268261198,-0.0001295089750783,0.0931148082017898,1.0030429030187165,0.3300511817033609,0.6729917213153556,200
2010-09-27 14:44:49,1110.5659495664177,7,45,-1.099568486213684,3.721280813217163,45.08273494462002,44.45807992436265,179.56809982154917,162.83878428849795,-0.0001295089750783,0.0931148082017898,1.0030429030187165,0.3392193911110084,0.663823511907708,200
2010-09-27 14:45:19,1140.5810992728002,7,45,-1.099568486213684,3.716100454330444,45.08273494462002,44.46724803613678,179.56809982154917,162.87287744953778,-0.0001295089750783,0.0931148082017898,1.0030429030187165,0.3483875028851386,0.6546554001335778,200
2010-09-27 14:45:49,1170.596416462246,7,45,-1.099568486213684,3.7109200954437256,45.08273494462002,44.47641617747695,179.56809982154917,162.90692375246758,-0.0001618862152099,0.0931148082017898,1.0030429030187165,0.3575556442253074,0.6454872587934091,200
2010-09-27 14:46:19,1200.6116168752,7,45,-1.099568486213684,3.7060635089874254,45.08273494462002,44.48558425350473,179.56809982154917,162.94092366767453,-9.713172767078504e-05,0.0931148082017898,1.0030429030187165,0.3667237202530913,0.6363191827656252,200
2010-09-27 14:46:49,1230.626895648754,7,45,-1.0997490882873535,3.701045036315918,45.08273494462002,44.494752365019856,179.56809982154917,162.97487804684073,-0.0001618862152099,0.0931148082017898,1.0030429030187165,0.3758918317682145,0.627151071250502,200
2010-09-27 14:47:19,1260.6421741766949,7,45,-1.0997490882873535,3.696188449859619,45.08273494462002,44.50392053053891,179.56809982154917,163.0087871124788,-0.0001295089750783,0.0931148082017898,1.0030429030187165,0.3850599972872714,0.617982905731445,200
2010-09-27 14:47:49,1290.6574536018754,7,45,-1.099568486213684,3.69133186340332,45.08273494462002,44.51308863672014,179.56809982154917,163.04265122410305,-9.713172767078504e-05,0.0931148082017898,1.0030429030187165,0.3942281034684995,0.6088147995502169,200
2010-09-27 14:48:19,1320.6727462400377,7,45,-1.099568486213684,3.6864752769470215,45.08273494462002,44.52225683357013,179.56809982154917,163.0764715383936,-0.0001618862152099,0.0931148082017898,1.0030429030187165,0.4033963003184908,0.5996466027002256,200
2010-09-27 14:48:49,1350.6880124823117,7,45,-1.099568486213684,3.6817805767059326,45.08273494462002,44.53142505289679,179.56809982154917,163.1102486788831,-0.0001295089750783,0.0931148082017898,1.0030429030187165,0.4125645196451515,0.590478383373565,200
2010-09-27 14:49:19,1380.7033027094556,7,45,-1.099568486213684,3.6772477626800537,45.08273494462002,44.5405932608569,179.56809982154917,163.14398326611948,-9.713172767078504e-05,0.0931148082017898,1.0030429030187165,0.42173272760526,0.5813101754134564,200
2010-09-27 14:49:49,1410.7186063400566,7,45,-1.099568486213684,3.672714948654175,45.08273494462002,44.54976141669012,179.56809982154917,163.17767580591843,-9.713172767078504e-05,0.0931148082017898,1.0030429030187165,0.4309008834384755,0.5721420195802409,200
2010-09-27 14:50:19,1440.7338989932562,7,45,-1.099568486213684,3.668182373046875,45.08273494462002,44.55892965915914,179.56809982154917,163.21132728629792,-0.0001618862152099,0.0931148082017898,1.0030429030187165,0.4400691259074989,0.5629737771112175,200
2010-09-27 14:50:49,1470.7492395710833,7,45,-1.099929690361023,3.663649559020996,45.08273494462002,44.56809783502793,179.56809982154917,163.2449380419577,-0.0001618862152099,0.0931148082017898,1.0030429030187165,0.4492373017762858,0.5538056012424306,200
2010-09-27 14:51:19,1500.7644673323025,7,45,-1.0997490882873535,3.659278631210327,45.08273494462002,44.57726602802916,179.56809982154917,163.27850869240316,-0.0001295089750783,0.0931148082017898,1.0030429030187165,0.4584054947775158,0.5446374082412007,200
2010-09-27 14:51:49,1530.78224314886,7,45,-1.099568486213684,3.655231475830078,45.08273494462002,44.58643499317418,179.56809982154917,163.31204230689636,-9.713172767078504e-05,0.0931148082017898,1.0030429030187165,0.4675744599225382,0.5354684430961782,200
2010-09-27 14:52:19,1560.795099475614,7,45,-1.0993878841400146,3.651184320449829,45.08273494462002,44.59560244716286,179.56809982154917,163.34553141948055,-3.237724376958795e-05,0.0931148082017898,1.0030429030187165,0.4767419139112192,0.5263009891074972,200
2010-09-27 14:52:49,1590.81032790851,7,45,-1.0993878841400146,3.64697527885437,45.08273494462002,44.60477065447713,179.56809982154917,163.37898491353923,-6.47544875391759e-05,0.0931148082017898,1.0030429030187165,0.485910121225487,0.5171327817932294,200
2010-09-27 14:53:19,1620.8256208925357,7,45,-1.0997490882873535,3.642604351043701,45.08273494462002,44.61393876115478,179.56809982154917,163.41239995830892,-0.0001618862152099,0.0931148082017898,1.0030429030187165,0.4950782279031358,0.5079646751155806,200
2010-09-27 14:53:49,1650.8409485681566,7,45,-1.099568486213684,3.638557195663452,45.08273494462002,44.62310695793327,179.56809982154917,163.44577866073266,-0.0001618862152099,0.0931148082017898,1.0030429030187165,0.5042464246816252,0.4987964783370913,200
2010-09-27 14:54:19,1680.8563147649324,7,45,-1.099568486213684,3.634833812713623,45.08273494462002,44.63227516920065,179.56809982154917,163.47912121567748,-9.713172767078504e-05,0.0931148082017898,1.0030429030187165,0.5134146359490117,0.4896282670697047,200
2010-09-27 14:54:50,1710.871518511207,7,45,-1.099568486213684,3.631110429763794,45.08273494462002,44.6414433936156,179.56809982154917,163.51242858548156,-9.713172767078504e-05,0.0931148082017898,1.0030429030187165,0.5225828603639613,0.4804600426547551,200
2010-09-27 14:55:20,1740.8867911394211,7,45,-1.0997490882873535,3.627225160598755,45.08273494462002,44.65061150800099,179.56809982154917,163.54570105713165,-9.713172767078504e-05,0.0931148082017898,1.0030429030187165,0.5317509747493503,0.4712919282693661,200
2010-09-27 14:55:50,1770.9020695219992,7,45,-1.0993878841400146,3.623663663864136,45.08273494462002,44.65977971529332,179.56809982154917,163.5789401570979,-9.713172767078504e-05,0.0931148082017898,1.0030429030187165,0.5409191820416765,0.4621237209770399,200
2010-09-27 14:56:20,1800.9174434681186,7,45,-1.099568486213684,3.6201021671295166,45.08273494462002,44.66894793014475,179.56809982154917,163.61214594821917,-9.713172767078504e-05,0.0931148082017898,1.0030429030187165,0.5500873968931117,0.4529555061256047,200
2010-09-27 14:56:50,1830.932641655517,7,45,-1.099568486213684,3.6167025566101074,45.08273494462002,44.678116118301865,179.56809982154917,163.64531923361588,-9.713172767078504e-05,0.0931148082017898,1.0030429030187165,0.5592555850502237,0.4437873179684928,200
2010-09-27 14:57:20,1860.9479465743336,7,45,-1.099568486213684,3.613141059875488,45.08273494462002,44.68728426936266,179.56809982154917,163.67846122376366,-9.713172767078504e-05,0.0931148082017898,1.0030429030187165,0.5684237361110149,0.4346191669077015,200
2010-09-27 14:57:50,1890.9634229010103,7,45,-1.0997490882873535,3.609741449356079,45.08273494462002,44.69645256342629,179.56809982154917,163.7115728865634,-9.713172767078504e-05,0.0931148082017898,1.0030429030187165,0.5775920301746496,0.4254508728440669,200
2010-09-27 14:58:20,1920.978501539998,7,45,-1.099568486213684,3.60650372505188,45.08273494462002,44.70562073477909,179.56809982154917,163.74465333576973,-9.713172767078504e-05,0.0931148082017898,1.0030429030187165,0.5867602015274471,0.4162827014912693,200
2010-09-27 14:58:50,1950.993781100516,7,45,-1.0997490882873535,3.60342788696289,45.08273494462002,44.714788923626045,179.56809982154917,163.77770374514463,-6.47544875391759e-05,0.0931148082017898,1.0030429030187165,0.5959283903744037,0.4071145126443127,200
2010-09-27 14:59:20,1981.0090679041143,7,45,-1.0993878841400146,3.6001901626586914,45.08273494462002,44.723957147321,179.56809982154917,163.81072523436546,-9.713172767078504e-05,0.0931148082017898,1.0030429030187165,0.6050966140693603,0.3979462889493561,200
2010-09-27 14:59:50,2011.024368983347,7,45,-1.099929690361023,3.5967905521392822,45.08273494462002,44.733125392044535,179.56809982154917,163.84371761078694,-9.713172767078504e-05,0.0931148082017898,1.0030429030187165,0.6142648587928932,0.3887780442258233,200
2010-09-27 15:00:20,2041.039652679188,7,45,-1.099568486213684,3.593876600265503,45.08273494462002,44.74229365448576,179.56809982154917,163.87668105057833,-6.47544875391759e-05,0.0931148082017898,1.0030429030187165,0.6234331212341218,0.3796097817845947,200
2010-09-27 15:00:50,2071.0550840386195,7,45,-1.099929690361023,3.590639114379883,45.08273494462002,44.75146190339361,179.56809982154917,163.90961612657924,-0.0001295089750783,0.0931148082017898,1.0030429030187165,0.6326013701419697,0.3704415328767467,200
2010-09-27 15:01:20,2101.070222737525,7,45,-1.099568486213684,3.5875632762908936,45.08273494462002,44.76063009273884,179.56809982154917,163.94252256531132,-9.713172767078504e-05,0.0931148082017898,1.0030429030187165,0.6417695594872015,0.3612733435315149,200
2010-09-27 15:01:50,2131.085522658868,7,45,-1.099568486213684,3.5846493244171143,45.08273494462002,44.76979834460625,179.56809982154917,163.9754012850121,-6.47544875391759e-05,0.0931148082017898,1.0030429030187165,0.6509378113546092,0.3521050916641073,200
2010-09-27 15:02:20,2161.1007988359406,7,45,-1.099568486213684,3.581573486328125,45.08273494462002,44.778966508042245,179.56809982154917,164.0082516221181,-9.713172767078504e-05,0.0931148082017898,1.0030429030187165,0.6601059747906035,0.3429369282281129,200
2010-09-27 15:02:50,2191.116098341244,7,45,-1.099568486213684,3.578497648239136,45.08273494462002,44.78813464373205,179.56809982154917,164.0410738660829,-6.47544875391759e-05,0.0931148082017898,1.0030429030187165,0.6692741104804085,0.3337687925383079,200
2010-09-27 15:03:20,2221.131362182525,7,45,-1.0997490882873535,3.5755836963653564,45.08273494462002,44.79730277776161,179.56809982154917,164.07386811135368,-6.47544875391759e-05,0.0931148082017898,1.0030429030187165,0.6784422445099665,0.32460065850875,200
2010-09-27 15:03:50,2251.1467015824114,7,45,-1.099568486213684,3.572345972061157,45.08273494462002,44.8064709226357,179.56809982154917,164.10663425916724,-0.0001295089750783,0.0931148082017898,1.0030429030187165,0.687610389384055,0.3154325136346614,200
2010-09-27 15:04:20,2281.161955468843,7,45,-1.0997490882873535,3.569270133972168,45.08273494462002,44.815639080149545,179.56809982154917,164.1393723406163,-9.713172767078504e-05,0.0931148082017898,1.0030429030187165,0.6967785468979031,0.3062643561208134,200
2010-09-27 15:04:50,2311.177227410344,7,45,-1.0997490882873535,3.5661942958831787,45.08273494462002,44.824807264559446,179.56809982154917,164.172082205269,-9.713172767078504e-05,0.0931148082017898,1.0030429030187165,0.7059467313078045,0.2970961717109119,200
2010-09-27 15:05:20,2341.192520118681,7,45,-1.0997490882873535,3.563118457794189,45.08273494462002,44.83397542751236,179.56809982154917,164.2047634631402,-6.47544875391759e-05,0.0931148082017898,1.0030429030187165,0.7151148942607151,0.2879280087580014,200
2010-09-27 15:05:50,2371.2078146666104,7,45,-1.099568486213684,3.5600426197052,45.08273494462002,44.84314362866978,179.56809982154917,164.23741714973693,-6.47544875391759e-05,0.0931148082017898,1.0030429030187165,0.7242830954181372,0.2787598076005793,200
2010-09-27 15:06:20,2401.223098342401,7,45,-1.099568486213684,3.556804895401001,45.08273494462002,44.85231179342096,179.56809982154917,164.27004153251133,-9.713172767078504e-05,0.0931148082017898,1.0030429030187165,0.7334512601693177,0.2695916428493987,200
2010-09-27 15:06:50,2431.238380669826,7,45,-1.0993878841400146,3.553729057312012,45.08273494462002,44.86148002174424,179.56809982154917,164.30263630827383,-6.47544875391759e-05,0.0931148082017898,1.0030429030187165,0.7426194884926005,0.2604234145261159,200
2010-09-27 15:07:20,2461.2536780999494,7,45,-1.099568486213684,3.5503294467926025,45.08273494462002,44.87064826740533,179.56809982154917,164.33520126575627,-3.237724376958795e-05,0.0931148082017898,1.0030429030187165,0.7517877341536874,0.2512551688650291,200
2010-09-27 15:07:50,2491.2689886127296,7,45,-1.099568486213684,3.5469298362731934,45.08273494462002,44.8798165328678,179.56809982154917,164.36773584701157,-9.713172767078504e-05,0.0931148082017898,1.0030429030187165,0.7609559996161579,0.2420869034025585,200
2010-09-27 15:08:20,2521.2842536319504,7,45,-1.099568486213684,3.543692111968994,45.08273494462002,44.88898474587851,179.56809982154917,164.40023920933902,-3.237724376958795e-05,0.0931148082017898,1.0030429030187165,0.7701242126268681,0.2329186903918483,200
2010-09-27 15:08:50,2551.2996668511014,7,45,-1.099568486213684,3.539968729019165,45.08273494462002,44.89815300280885,179.56809982154917,164.43271153414537,-0.0001295089750783,0.0931148082017898,1.0030429030187165,0.7792924695572054,0.223750433461511,200
2010-09-27 15:09:20,2581.3149553288786,7,45,-1.099568486213684,3.536569118499756,45.08273494462002,44.90732128298222,179.56809982154917,164.46515159162433,-9.713172767078504e-05,0.0931148082017898,1.0030429030187165,0.7884607497305751,0.2145821532881413,200
2010-09-27 15:09:50,2611.3301291604816,7,45,-1.099568486213684,3.5328457355499268,45.08273494462002,44.91648954632386,179.56809982154917,164.4975580407221,-6.47544875391759e-05,0.0931148082017898,1.0030429030187165,0.7976290130722177,0.2054138899464987,200
2010-09-27 15:10:20,2641.345559532448,7,45,-1.0997490882873535,3.5287985801696777,45.08273494462002,44.92565778924106,179.56809982154917,164.52992950510878,-9.713172767078504e-05,0.0931148082017898,1.0030429030187165,0.8067972559894159,0.1962456470293005,200
2010-09-27 15:10:50,2671.360693815332,7,45,-1.099568486213684,3.5247514247894287,45.08273494462002,44.93482600996419,179.56809982154917,164.5622636887036,-6.47544875391759e-05,0.0931148082017898,1.0030429030187165,0.8159654767125488,0.1870774263061676,200
2010-09-27 15:11:20,2701.376002954684,7,45,-1.0997490882873535,3.52038049697876,45.08273494462002,44.94399415720459,179.56809982154917,164.59455868887636,-0.0001295089750783,0.0931148082017898,1.0030429030187165,0.8251336239529508,0.1779092790657657,200
2010-09-27 15:11:50,2731.39130567802,7,45,-1.0997490882873535,3.515847682952881,45.08273494462002,44.95316237184642,179.56809982154917,164.62681383013992,-0.0001295089750783,0.0931148082017898,1.0030429030187165,0.8343018385947758,0.1687410644239406,200
2010-09-27 15:12:20,2761.406568607023,7,45,-1.099929690361023,3.511153221130371,45.08273494462002,44.96233057715197,179.56809982154917,164.65902657282564,-0.0001294612884521,0.0931148082017898,1.0030429030187165,0.8434700439003251,0.1595728591183913,200
2010-09-27 15:12:50,2791.422237544486,7,45,-1.099568486213684,3.5061347484588623,45.08273494462002,44.97149891709217,179.56809982154917,164.69119433513103,-9.713172767078504e-05,0.0931148082017898,1.0030429030187165,0.852638383840528,0.1504045191781884,200
2010-09-27 15:13:20,2821.437361526657,7,45,-1.099568486213684,3.500306844711304,45.08273494462002,44.98066711464288,179.56809982154917,164.72331216613065,-0.0001618862152099,0.0931148082017898,1.0030429030187165,0.8618065813912352,0.1412363216274812,200
2010-09-27 15:13:50,2851.452694761154,7,45,-1.099568486213684,3.494317054748535,45.08273494462002,44.989835315231375,179.56809982154917,164.75537628722554,-0.0001295089750783,0.0931148082017898,1.0030429030187165,0.8709747819797329,0.1320681210389835,200
2010-09-27 15:14:20,2881.4677132750594,7,45,-1.099568486213684,3.487517833709717,45.08273494462002,44.999003479498576,179.56809982154917,164.7873815794103,-0.0001942634553415,0.0931148082017898,1.0030429030187165,0.8801429462469343,0.1228999567717821,200
2010-09-27 15:14:50,2911.483017025961,7,45,-1.099568486213684,3.4799091815948486,45.08273494462002,45.00817174374029,179.56809982154917,164.81932195182284,-0.0002266406954731,0.0931148082017898,1.0030429030187165,0.8893112104886498,0.1137316925300666,200
2010-09-27 15:15:20,2941.4983131979443,7,45,-1.0993878841400146,3.4713292121887207,45.08273494462002,45.01733994320911,179.56809982154917,164.85118762418406,-0.0002266406954731,0.0931148082017898,1.0030429030187165,0.8984794099574671,0.1045634930612493,200
2010-09-27 15:15:50,2971.513585951471,7,45,-1.099568486213684,3.461616039276123,45.08273494462002,45.026508132065146,179.56809982154917,164.88296928976956,-0.0002590179501567,0.0931148082017898,1.0030429030187165,0.9076475988135044,0.095395304205212,200
2010-09-27 15:16:20,3001.528861451855,7,45,-1.0997490882873535,3.450122117996216,45.08273494462002,45.03567641716216,179.56809982154917,164.914654504104,-0.0002913951757363,0.0931148082017898,1.0030429030187165,0.916815883910516,0.0862270191082004,200
2010-09-27 15:16:50,3031.544273673516,7,45,-1.0997490882873535,3.436361789703369,45.08273494462002,45.044844633882406,179.56809982154917,164.94622576194496,-0.0004532813909463,0.0931148082017898,1.0030429030187165,0.925984100630764,0.0770588023879526,200
2010-09-27 15:17:20,3061.559417906235,7,45,-1.099568486213684,3.420011520385742,45.08273494462002,45.05401278902167,179.56809982154917,164.97765970166282,-0.0005180359003134,0.0931148082017898,1.0030429030187165,0.9351522557700278,0.0678906472486886,200
2010-09-27 15:17:50,3091.5747090406435,7,45,-1.099568486213684,3.399128198623657,45.08273494462002,45.063181070480304,179.56809982154917,165.00892373129273,-0.0006151676061563,0.0931148082017898,1.0030429030187165,0.9443205372286628,0.0587223657900537,200
2010-09-27 15:18:20,3121.590011889293,7,45,-1.0997490882873535,3.371121883392334,45.08273494462002,45.07234927745812,179.56809982154917,165.03996603118702,-0.0008741855854168,0.0931148082017898,1.0030429030187165,0.9534887442064814,0.049554158812235,200
2010-09-27 15:18:50,3151.6052666529145,7,45,-1.0997490882873535,3.3324313163757324,45.08273494462002,45.08151749667763,179.56809982154917,165.0707065968847,-0.0011979580158367,0.0931148082017898,1.0030429030187165,0.9626569634259852,0.0403859395927312,200
2010-09-27 15:19:20,3181.620557777298,7,45,-1.0993878841400146,3.276904344558716,45.08273494462002,45.09068565423558,179.56809982154917,165.10101931919863,-0.0017159938579425,0.0931148082017898,1.0030429030187165,0.9718251209839366,0.0312177820347798,200
2010-09-27 15:19:50,3211.635865307633,7,45,-1.099568486213684,3.1957995891571045,45.08273494462002,45.099853858782566,179.56809982154917,165.13071515145643,-0.0025254250504076,0.0931148082017898,1.0030429030187165,0.9809933255309248,0.0220495774877917,200
2010-09-27 15:20:20,3241.6511941862573,7,45,-1.099568486213684,3.070014476776123,45.08273494462002,45.10902209293653,179.56809982154917,165.159485988183,-0.0041119097732007,0.0931148082017898,1.0030429030187165,0.9901615596848856,0.0128813433338308,200
2010-09-27 15:20:44,3265.8383986547187,7,45,-1.0993878841400146,2.86976170539856,45.08273494462002,45.1164101127305,179.56809982154917,165.1815350031312,-0.0094217779114842,0.0931148082017898,1.0030429030187165,0.9975495794788573,0.0054933235398593,200
2010-09-27 15:20:56,3276.932050145556,7,45,-1.0997490882873535,2.699781894683838,45.08273494462002,45.1197986840562,179.56809982154917,165.19098539437508,-0.0133069995790719,0.0931148082017898,1.0030429030187165,1.0009381508045578,0.0021047522141586,200
2010-09-27 15:21:56,60.01501979749452,8,45,0.0,3.356552124023437,45.08273494462002,45.1197986840562,179.56809982154917,165.19098539437508,0.0013921738136559,0.0931148082017898,1.0030429030187165,1.0009381508045578,0.0021047522141586,200
2010-09-27 15:21:56,0.187656188717221,9,45,-1.9243103452026844e-05,3.3570377826690674,45.08273494462002,45.11979868505928,179.56809982154917,165.19098539774245,0.0,0.0913304165005683,0.0,1.003080285499891e-09,-1.003080285499891e-09,200
2010-09-27 15:22:01,5.015515728877082,9,45,0.0007031940040178,3.3659415245056152,45.0827358176831,45.11979868514223,179.5681027567676,165.1909853980209,0.0012950897216796,0.0913304165005683,8.730630796094374e-07,8.29487589726341e-11,8.729801308504648e-07,200
